,Nombres,Apellidos,id,Tipo de id,Genero,Telfono,Correo,Tipo de sangre,Edad,Fecha Nacimiento,Pais de Nacimiento,Direccion de Residencia,Departamento de Residencia,Municipio de Residencia,Codigo Postal,Altura,Peso,Tien Hijos,Cantidad de Hijos,Ha tenido hijos no nacidos,Nivel de educacion,Profesion,Tipo de estudio,Nivel de ingles,# Idiomas que domina,Estado Civil,Estrato Social,Tiene Vehiculos,Cantidad de Vehiculos,Tipo de Vehiculo,Propiedad de vivienda,Tipo de Vivienda,Estado de la vivienda,Tiene agua potable,Vivienda compartida,Cantidad de Habitaciones,Tiene EPS,Tipo de EPS,Religion,Grupo etnico,Estado Laboral,Tiene discapacidades,Tipo de discapacidad,Tiene Mascotas,Tipo de mascota,Cantidad de mascotas,Tiene libreta militar,Tipo de alergias,Ha sufrido de escasez de alimentos,Razon de la escasez de alimentos
0,Valentina Iris,Leal Agudelo,718166330,CC,F,3202899125,val@hotmail.com,A-,40,1983-12-19,España,Cl. 4ª # 9-8, Antioquia,Yarumal,050346,1.62,69,False,0,False,N/A,N/A,N/A,C2,4,Union Libre,4,True,2,varios,Arriendo,Apartamento,En Ruina,True,False,3,False,SISBEN,Satanista,Negro,Desempleado,False,N/A,False,N/A,0,N/A,Detergentes Ropa,True,Familia muy grande
1,Gabriela Angélica,Cardona Londoño,838423565,CE,F,3028712045,gab_cardona7@outlook.com,B-,76,1947-03-31,Ecuador,Avenida carrera 173 # 9-8 Sur, Córdoba,Moñitos,236322,1.79,62,False,0,True,Tecnologo,Locutor de radio,Rural,C2,2,Casad@,2,False,0,N/A,N/A,internado,Otro,True,False,2,False,SISBEN,Musulman,Negro,Pensionado,False,N/A,False,N/A,0,N/A,Gluten,False,N/A
2,Omar Antonio,Guzmán García,898760842,CC,M,3244564321,omguz2@outlook.com,O-,34,1989-06-11,Colombia,Calle 75 # 2X-5, Bolívar,Soplaviento,135780,1.73,45,True,2,False,Tecnico,Fotógrafo,Particular,C2,mas,Union Libre,5,False,0,N/A,N/A,internado,Construccion Paralizada,False,True,otro,True,Salud Vida,Cristiana,Afrocolombiano,Desempleado,True,Psiquicas,False,N/A,0,False,Cosmeticos,True,Carencia de trabajo
3,Jhon Harol,Martínez Rodríguez,557399925,PaP,M,3335620130,jhon_mar8@hotmail.com,B-,48,1975-11-24,Ecuador,Cr. 105W Sur # 7-4 Este, Valle del Cauca,Guadalajara de Buga,763061,1.56,48,False,0,True,Tecnologo,Analista de gestión y organización,Urbana,A2,mas,Solter@,1,False,0,N/A,Propia,Casa,Abandono,True,True,4,False,SISBEN,Satanista,Negro,Desempleado,False,N/A,False,N/A,0,True,N/A,False,N/A
4,Edinson Roberto,Martínez Peña,899792033,CC,M,3209939481,edins_mar012@hotmail.com,O+,58,1965-12-19,Colombia,Avenida carrera 4ª # 51-11, Putumayo,Sibundoy,865015,1.72,61,False,0,True,Bachiller,Representante comercial,Urbana,A2,2,Separad@,3,True,2,moto,Arriendo,Apartamento,Construccion Paralizada,True,True,4,True,Sanitas,Musulman,Afroamericano,Desempleado,False,N/A,False,N/A,0,True,Detergentes Ropa,True,Perdidad de cultivo
5,Bibiana Cecilia,Ruiz Parra,58426300,CC,F,3231620437,bibianar3629@gmail.com,AB-,73,1950-07-13,Peru,Carrera 96 # 80-1 Sur, Sucre,Santiago de Tolú,708526,1.69,62,True,3,False,Tecnico,Psicólogo,Particular,C2,3,Separad@,2,False,0,N/A,N/A,Orden Religiosa,Abandono,False,False,3,True,Sanitas,Budista,N/A,Pensionado,True,Fisicas,True,Pez,1,N/A,Alimentos,False,N/A
6,Ana Patricia,Vásquez Cano,461180794,CC,F,3011529005,ana.vasqu@yahoo.com,O+,71,1952-08-29,Venezuela,Diagonal 93 # 3-40 Sur, Antioquia,Chigorodó,051408,1.97,48,True,1,True,Pregrado,Operador de máquinas de vapor y calderas,Particular,A1,3,Divorciad@,1,False,0,N/A,Familiar,Casa,Otro,False,False,1,True,Salud Vida,Musulman,Indigena,Pensionado,False,N/A,False,N/A,0,N/A,Gluten,True,Familia muy grande
7,Jhon Rafael,Molina Gómez,226175303,PaP,M,3011172222,jhon_mo318@gmail.com,A+,81,1942-12-27,Venezuela,Cr. 196V # 11-2, La Guajira,Villanueva,442013,1.58,81,False,0,False,Pregrado,"Empleado de servicios estadísticos, financieros y de seguros",Urbana,B2,4,Viud@,2,False,0,N/A,Arriendo,Casa,Construccion Paralizada,True,True,3,False,SISBEN,Budista,N/A,Pensionado,True,Psiquicas,True,Perro,2,False,Detergentes Ropa,True,Otro
8,Carolina Paola,Cardona Carmona,1163401339,CC,F,3053252730,car_car3@gmail.com,B+,79,1944-02-13,Colombia,Transversal 16 # 2-2,Barranquilla,Barranquilla,088692,1.86,49,False,0,False,Tecnologo,Director de recursos humanos,Rural,C2,3,Solter@,2,False,0,N/A,Arriendo,Apartamento,Abandono,False,True,otro,False,SISBEN,Maradoniano,Negro,Pensionado,False,N/A,False,N/A,0,N/A,N/A,False,N/A
9,Rosa Patricia,Cifuentes Pérez,174530015,CC,F,3198151054,rosacifu3015@hotmail.com,A-,24,1999-11-06,Colombia,Cr. 40D # 51-1 Este, Bolívar,Achí,138744,1.93,88,True,1,False,N/A,N/A,N/A,B1,2,Casad@,1,False,0,N/A,Propia,Casa,Contruida,False,True,3,False,SISBEN,Testigo de Jehova,Raizal,Empleado,True,Fisicas,False,N/A,0,N/A,Alimentos,False,N/A
10,Johanna Karen,Contreras Villamil,566828252,CC,F,3016190198,johannacontreras4132@yahoo.com,O+,18,2005-02-03,Colombia,Cl. 6 Este # 11-13, Bolívar,Turbaná,134786,1.93,58,False,0,False,Posgrado,Agente de bolsa,Particular,B1,2,Divorciad@,2,False,0,N/A,Arriendo,Casa,En Ruina,False,True,4,True,EPS Sura,N/A,Mulato,Empleado,False,N/A,False,N/A,0,N/A,Fragancias,True,Carencia Capital
11,Felipe Fernando,Molina Gómez,1101325325,CC,M,3147980876,fel.molin3@hotmail.com,B+,23,2000-02-19,Ecuador,Tr. 57 # 5A-88 Este, Boyacá,Cerinza,154888,1.55,74,False,0,False,Bachiller,Operador de máquinas de vapor y calderas,Particular,B2,2,Viud@,5,False,0,N/A,Arriendo,Casa,Contruccion Activa,True,False,4,False,SISBEN,Catolica,Afrocolombiano,Empleado,False,N/A,True,Perro,1,True,Polen,False,N/A
12,Estela Yulieth,Salcedo Moreno,308892983,CC,F,3004746104,estel_salcedo2695@hotmail.com,A+,31,1992-08-23,Peru,Cl. 30 # 9-76, Casanare,Paz de Ariporo,852329,1.68,52,True,3,True,Bachiller,Trabajador comunitario de la salud,Rural,B2,3,Divorciad@,2,False,0,N/A,Familiar,Apartamento,Contruccion Activa,False,False,1,False,SISBEN,N/A,Indigena,Empleado,False,N/A,False,N/A,0,N/A,Polvo,True,Carencia de trabajo
13,Juan Fredy,Montoya López,702696130,CC,M,3107480381,ju-monto9764@yahoo.com,O-,76,1947-11-26,Argentina,Av. calle 160 # 6-83 Sur, Valle del Cauca,La Victoria,765742,1.55,88,False,0,True,Tecnico,Agente de bolsa,Particular,N/A,1,Casad@,3,False,0,N/A,N/A,Orden Religiosa,Otro,True,False,3,False,SISBEN,Catolica,Negro,Pensionado,True,Fisicas,False,N/A,0,True,Polvo,True,Otro
14,Edilma Gina,Serrano Valencia,738663761,CC,F,3012314977,edilserra6814@yahoo.com,B-,24,1999-12-14,Venezuela,Avenida carrera 199 # 63-50, Norte de Santander,Bucarasica,549682,1.86,67,True,2,False,Bachiller,Mandader,Rural,N/A,1,Casad@,1,False,0,N/A,Arriendo,Apartamento,Abandono,True,False,2,True,Salud Total,Satanista,N/A,Independiente,False,N/A,False,N/A,0,N/A,Medicamentos,False,N/A
15,Daniel Albeiro,Jiménez Rengifo,339163608,CC,M,3233171231,danie-jimene107@hotmail.com,AB-,63,1960-10-26,España,Cr. 54 # 6J-34,Pasto,Pasto,520589,1.95,73,True,1,True,N/A,N/A,N/A,B1,mas,Solter@,1,False,0,N/A,Arriendo,Apartamento,Construccion Paralizada,True,False,4,False,SISBEN,Budista,Afroamericano,Pensionado,True,Fisicas,True,Pajaros,1,True,Moho,True,Otro
16,Adriana Consuelo,Vega Vanegas,862920182,CC,F,3197873572,adrianaveg@outlook.com,B+,70,1953-04-08,España,Cr. 61 # 2-53 Sur, Santander,Contratación,686683,1.96,66,True,2,True,Bachiller,Operario de la elaboración de productos lácteos,Rural,C2,4,Casad@,3,True,3,moto,Arriendo,Apartamento,Contruida,False,False,3,False,SISBEN,Catolica,Afrocolombiano,Pensionado,True,Sensorial,False,N/A,0,N/A,Moho,False,N/A
17,Jesús Eduardo,López Sánchez,518206944,CC,M,3336642615,je_lop@yahoo.com,O+,73,1950-10-05,Argentina,Cl. 4ª # 6-19 Este, Atlántico,Polonuevo,080158,1.54,55,True,1,True,N/A,N/A,N/A,B1,4,Union Libre,6,False,0,N/A,Familiar,Casa,Abandono,False,False,4,True,Salud Vida,Catolica,Indigena,Pensionado,False,N/A,True,Lagarto,4,False,Gluten,True,Perdidad de cultivo
18,Wilder Juan,Vargas Vargas,439808272,CC,M,3033812102,wild.vargas91@hotmail.com,B+,54,1969-04-04,Venezuela,Cl. 40 # 64-5 Sur, Norte de Santander,San Calixto,547818,1.73,72,False,0,False,Pregrado,Empacador manual,Particular,B2,mas,Solter@,5,True,2,moto,N/A,Ancianato,Construccion Paralizada,False,False,3,False,SISBEN,Maradoniano,N/A,Desempleado,True,Fisicas,False,N/A,0,True,N/A,False,N/A
19,Iris Johanna,Muñoz Rodríguez,141228233,CC,F,3124320779,im82@gmail.com,B-,57,1966-08-03,Argentina,Av. Vichada # 8B-24, Magdalena,Santa Ana,472448,1.79,83,False,0,False,Bachiller,Profesional de nivel medio de servicios estadísticos o matemáticos,Rural,A2,4,Divorciad@,1,False,0,N/A,Propia,Apartamento,Contruida,False,True,2,True,Salud Total,Musulman,N/A,Desempleado,True,Fisicas,True,Perro,4,N/A,Gluten,False,N/A
20,Martha Patricia,Alfonso Peña,619399001,CC,F,3505259898,mar.alfo4@gmail.com,B+,60,1963-05-04,Venezuela,Avenida carrera 164 # 7-9 Sur, Meta,Cubarral,509789,1.74,75,True,2,False,Pregrado,Empleado de agencia de viajes,Particular,C1,2,Divorciad@,1,False,0,N/A,Propia,Casa,En Ruina,True,True,4,True,Famisanar,Catolica,Mulato,Pensionado,True,Sensorial,False,N/A,0,N/A,Polvo,True,Carencia Capital
21,Uriel Vladimir,Rengifo Rodríguez,384135616,PaP,M,3054588484,u.r9@hotmail.com,O+,28,1995-03-10,Colombia,Tr. 1B # 67-50 Sur, Antioquia,Armenia,054803,1.74,58,True,4,False,Tecnologo,"Pescador, cazador, tramperos y recolector de subsistencia",Particular,C2,3,Divorciad@,4,False,0,N/A,Familiar,Apartamento,Contruida,False,True,4,True,EPS Sura,Testigo de Jehova,N/A,Independiente,True,Fisicas,True,Pajaros,3,True,Cosmeticos,False,N/A
22,Jairo Rafael,Rojas Montoya,687456497,PaP,M,3126282458,jairo@hotmail.com,O+,43,1980-01-12,España,Cr. 6ª # 9-41, Santander,Tona,688009,1.82,62,True,3,False,Pregrado,Tipógrafo,Rural,N/A,1,Viud@,2,False,0,N/A,Arriendo,Casa,Abandono,False,True,3,False,SISBEN,Testigo de Jehova,N/A,Independiente,False,N/A,False,N/A,0,False,Animales,True,Otro
23,Rocío Alba,Durán León,861388789,CE,F,3230693518,rociodura2@outlook.com,A+,65,1958-10-02,España,Cl. 8ª # 4-6 Este, Antioquia,Cañasgordas,050015,1.88,87,False,0,False,Posgrado,Tramper,Particular,N/A,1,Union Libre,6,False,0,N/A,Familiar,Apartamento,Contruccion Activa,True,True,4,False,SISBEN,Catolica,Afroamericano,Pensionado,True,Sensorial,False,N/A,0,N/A,Cosmeticos,True,Carencia de trabajo
24,Javier Orlando,Gómez Córdoba,249773661,CC,M,3120030085,j.go42@yahoo.com,A-,77,1946-04-30,Venezuela,Cl. 178 # 5X-3, Chocó,Lloró,271271,1.94,65,False,0,True,Tecnico,Ingeniero civil,Urbana,B1,mas,Viud@,6,True,1,carro,N/A,Orden Religiosa,Construccion Paralizada,True,False,otro,False,SISBEN,Cristiana,Mulato,Pensionado,True,Fisicas,True,Lagarto,1,False,Fragancias,True,Carencia Capital
25,José Gustavo,Hurtado López,773018950,PaP,M,3031285117,jose-hurta6@hotmail.com,A+,53,1970-01-22,Argentina,Calle 116T # 66-3,Mitú,Mitú,973417,1.80,66,False,0,False,Tecnologo,Ecónomo y mayordomos domésticos,Particular,N/A,1,Casad@,1,False,0,N/A,N/A,Residencia Estudiantil,Contruccion Activa,False,False,1,False,SISBEN,N/A,Mulato,Desempleado,False,N/A,True,Perro,4,True,Medicamentos,False,N/A
26,Jean Omar,Gutiérrez Gutiérrez,183404163,CC,M,3181487161,jegutier36@outlook.com,B+,64,1959-11-07,Argentina,Calle 79 # 53-48 Este, Guainía,San Felipe,945015,1.50,54,False,0,False,N/A,N/A,N/A,A1,mas,Solter@,4,True,3,varios,Propia,Casa,Contruccion Activa,True,False,1,False,SISBEN,Satanista,Raizal,Pensionado,False,N/A,False,N/A,0,True,Cosmeticos,False,N/A
27,Diana María,Granados Velandia,793205462,PaP,F,3122079005,di.gr@hotmail.com,B+,66,1957-10-23,Peru,Av. calle 195 # 99-4 Sur, Meta,Mapiripán,506735,1.85,52,True,1,True,Bachiller,Supervisor de tiendas y almacenes,Rural,N/A,1,Separad@,2,False,0,N/A,Propia,Apartamento,Contruida,True,False,otro,False,SISBEN,Maradoniano,Negro,Pensionado,False,N/A,False,N/A,0,N/A,Gluten,False,N/A
28,Nidia Milena,Rodríguez López,440604912,CC,F,3151580202,nid_rodrig@gmail.com,O-,69,1954-06-20,Peru,Cr. 134 # 7U-11, Chocó,Tadó,279683,1.81,62,True,1,True,Pregrado,Oficial de cubierta,Particular,C1,4,Casad@,6,False,0,N/A,Propia,Casa,Construccion Paralizada,True,True,2,False,SISBEN,Catolica,Raizal,Pensionado,True,Sensorial,True,Perro,3,N/A,N/A,True,Perdidad de cultivo
29,Jhon David,Álvarez Gómez,352203048,PaP,M,3135596509,j-alva2@hotmail.com,O+,46,1977-10-23,España,Calle 107 # 15-4 Este, Boyacá,Macanal,157159,1.68,73,False,0,False,N/A,N/A,N/A,B1,2,Viud@,3,False,0,N/A,Arriendo,Apartamento,Contruccion Activa,True,True,1,False,SISBEN,Satanista,N/A,Independiente,True,Fisicas,False,N/A,0,True,Animales,False,N/A
30,Duván Stiven,Rubio Anaya,206249779,PaP,M,3050457838,duv-rubio547@yahoo.com,O-,72,1951-07-11,Mexico,Cr. 184 # 91-9, Santander,Coromoro,681509,1.63,67,True,2,False,N/A,N/A,N/A,B2,4,Divorciad@,2,False,0,N/A,N/A,Ancianato,Otro,True,True,1,False,SISBEN,N/A,N/A,Pensionado,True,Fisicas,True,Otro,1,False,Alimentos,False,N/A
31,Jorge Ángel,Leal Ramírez,969884637,PaP,M,3022730516,jorge-lea9751@outlook.com,B+,62,1961-07-31,Colombia,Transversal 133 Bis G # 1-6, Bolívar,Santa Catalina,132836,1.80,85,True,2,True,N/A,N/A,N/A,C2,2,Union Libre,1,False,0,N/A,Arriendo,Apartamento,En Ruina,True,True,4,False,SISBEN,Catolica,N/A,Pensionado,False,N/A,False,N/A,0,True,Detergentes Ropa,False,N/A
32,Rafael Jesús,Molina Ocampo,82823761,CC,M,3236880466,ra_m@outlook.com,AB-,26,1997-10-10,Colombia,Calle 8ª # 3-29 Sur, Antioquia,Entrerríos,057336,1.56,70,False,0,True,Tecnico,Director de servicios de salud,Particular,C2,mas,Divorciad@,3,True,1,carro,Propia,Apartamento,Contruccion Activa,False,True,1,False,SISBEN,Budista,N/A,Desempleado,True,Sensorial,False,N/A,0,True,N/A,True,Carencia de trabajo
33,Jesús Enrique,Granados Hernández,476454667,CC,M,3221960404,je_gr0564@gmail.com,B+,69,1954-02-20,Argentina,Tr. 8 Bis # 3U-77, Boyacá,Zetaquira,154274,1.90,67,True,1,True,Tecnico,"Director de empresas de abastecimiento, distribución y afines",Particular,C1,mas,Casad@,4,True,1,carro,N/A,internado,Contruida,False,False,2,False,SISBEN,Budista,Mulato,Pensionado,False,N/A,True,Gato,5,True,N/A,True,Familia muy grande
34,Maritza Kelly,Cardona Mora,601497530,CC,F,3500061592,marit-card768@gmail.com,AB-,78,1945-11-13,Peru,Cr. 27 # 1E-3 Sur, Antioquia,Andes,051885,1.63,55,False,0,True,Maestria,Techador,Urbana,B2,2,Separad@,5,False,0,N/A,N/A,internado,Construccion Paralizada,True,True,4,True,Compensar,Testigo de Jehova,N/A,Pensionado,True,Fisicas,False,N/A,0,N/A,N/A,True,Otro
35,Liliana Cristina,Reyes Medina,222972103,CC,F,3506286261,lilia_r@gmail.com,B+,54,1969-02-01,Colombia,Cl. 8ª # 1-60 Este, Valle del Cauca,Argelia,761358,1.98,81,True,1,False,Doctorado,Técnico en ingeniería mecánica,Particular,N/A,1,Solter@,2,False,0,N/A,Propia,Casa,Otro,False,False,otro,False,SISBEN,Catolica,Raizal,Independiente,True,Psiquicas,True,Pez,2,N/A,Animales,False,N/A
36,Oswaldo Rafael,Ceballos Arias,662739546,CE,M,3506239519,o-cebal682@outlook.com,O-,41,1982-09-13,Venezuela,Av. carrera 14 # 85L-2, Norte de Santander,Teorama,545457,1.55,82,False,0,False,Pregrado,Camarero de barra,Particular,B2,4,Viud@,2,False,0,N/A,Arriendo,Apartamento,En Ruina,False,True,2,True,Salud Vida,Maradoniano,Mulato,Independiente,True,Sensorial,False,N/A,0,False,Animales,False,N/A
37,Andrés Julián,Molina Fuentes,249444549,CC,M,3241128572,an.molina4@gmail.com,O+,35,1988-12-21,Colombia,Transversal 37 # 2-53 Sur, Boyacá,Garagoa,151913,1.55,58,True,1,True,N/A,N/A,N/A,C2,3,Casad@,2,False,0,N/A,Propia,Apartamento,Contruccion Activa,False,True,otro,False,SISBEN,Catolica,Afrocolombiano,Empleado,False,N/A,True,Gato,1,False,Alimentos,True,Familia muy grande
38,Víctor Mauricio,Martínez Giraldo,740538848,CC,M,3508146674,vi_ma@hotmail.com,O-,47,1976-09-03,Venezuela,Cr. 80O Sur # 6-2, Risaralda,La Virginia,660033,1.61,81,False,0,True,Bachiller,Personas que realizan trabajos varios,Particular,N/A,1,Separad@,2,False,0,N/A,N/A,Inquilinato,Otro,True,False,3,True,Famisanar,Satanista,Afroamericano,Independiente,True,Sensorial,False,N/A,0,False,Animales,False,N/A
39,Angie Luisa,Ruiz Hernández,246999905,CC,F,3512514858,ang.ru1@hotmail.com,AB-,41,1982-07-26,Colombia,Avenida Rubio # 72-7, Boyacá,Campohermoso,157466,1.69,87,True,5,True,Doctorado,Albañil,Particular,A2,mas,Separad@,2,False,0,N/A,Arriendo,Casa,Contruccion Activa,False,True,1,True,EPS Sura,Musulman,Raizal,Independiente,False,N/A,False,N/A,0,N/A,Gluten,False,N/A
40,Alfonso José,Guerra Vallejo,187923700,CC,M,3518092056,alfons_g3409@outlook.com,B+,52,1971-09-28,Peru,Avenida San Luis # 68-6 Este, Huila,San Agustín,417676,1.94,64,False,0,True,Pregrado,Especialista en ciencias políticas,Particular,C1,3,Solter@,1,False,0,N/A,N/A,internado,Contruccion Activa,False,False,4,True,Salud Total,Budista,N/A,Empleado,True,Sensorial,True,Varios,3,False,N/A,True,Carencia de trabajo
41,Alexis Camilo,Rodríguez Vallejo,692524928,CC,M,3200692370,alexi-rodr@hotmail.com,O-,22,2001-06-28,Mexico,Carrera 22H Bis # 2-27 Sur, Valle del Cauca,Bolívar,764025,1.55,58,False,0,True,Tecnico,Asistente fisioterapeuta,Urbana,N/A,1,Union Libre,2,False,0,N/A,Arriendo,Casa,Contruida,True,False,1,True,Famisanar,Maradoniano,N/A,Empleado,True,Sensorial,True,Lagarto,3,True,Alimentos,False,N/A
42,Vanessa Martha,Gómez Bohórquez,705022197,CC,F,3331463997,vaness.g7@yahoo.com,O-,67,1956-10-14,Colombia,Cr. 45 # 71-1, Sucre,Guaranda,706856,1.59,46,False,0,False,N/A,N/A,N/A,B1,4,Casad@,2,False,0,N/A,Propia,Apartamento,Otro,False,False,2,True,EPS Sura,Budista,Mulato,Pensionado,False,N/A,True,Varios,4,N/A,Medicamentos,False,N/A
43,Elvia Aura,Jaramillo Cabrera,1003648164,CC,F,3151050640,elvijaramill586@gmail.com,O+,34,1989-05-27,Peru,Cl. 4L Bis # 93-8 Este, Boyacá,El Cocuy,151570,1.61,51,True,2,False,Posgrado,Operario de la elaboración de productos lácteos,Urbana,N/A,1,Solter@,2,False,0,N/A,N/A,Orden Religiosa,En Ruina,False,True,otro,False,SISBEN,Musulman,N/A,Desempleado,True,Psiquicas,True,Otro,1,N/A,Fragancias,False,N/A
44,Ester Estefanía,Mendoza Fernández,1103932555,CC,F,3018006336,emendoz4@yahoo.com,AB+,69,1954-07-01,España,Cr. 1X # 69-54 Este, Magdalena,Ciénaga,476944,1.93,51,False,0,False,Posgrado,Dibujante técnico,Particular,B1,2,Union Libre,3,True,3,varios,Familiar,Apartamento,Contruccion Activa,True,True,3,False,SISBEN,Catolica,Afroamericano,Pensionado,False,N/A,False,N/A,0,N/A,Cosmeticos,True,Familia muy grande
45,Alba Dayana,Marín Galvis,1129734192,CE,F,3024796862,alma2170@outlook.com,O+,47,1976-06-05,Colombia,Calle 175E # 9-4, Cundinamarca,Fómeque,254864,1.88,87,True,1,False,N/A,N/A,N/A,N/A,1,Union Libre,1,False,0,N/A,Propia,Casa,Abandono,True,True,4,False,SISBEN,Testigo de Jehova,Negro,Desempleado,True,Psiquicas,False,N/A,0,N/A,Detergentes Ropa,False,N/A
46,Andrea Elizabeth,Mosquera Solano,604682455,CC,F,3027741860,an.mosq4602@yahoo.com,AB-,32,1991-11-10,Colombia,Diagonal 87L # 18-54 Sur, Cundinamarca,Nemocón,259182,1.99,61,False,0,True,Bachiller,Empleado de control de abastecimientos e inventario,Rural,C1,4,Solter@,5,True,1,carro,Familiar,Casa,Abandono,False,True,2,False,SISBEN,Maradoniano,Raizal,Independiente,True,Sensorial,True,Pajaros,5,N/A,Detergentes Ropa,False,N/A
47,Yurany Eugenia,Martínez Morales,109751662,CC,F,3212850989,yuranmar537@gmail.com,B-,75,1948-12-16,Ecuador,Avenida calle 1ª # 73-36, Bolívar,San Estanislao,138485,1.60,56,True,3,True,Bachiller,Programador de aplicaciones,Rural,A2,mas,Casad@,6,False,0,N/A,Arriendo,Apartamento,Construccion Paralizada,False,True,4,True,Sanitas,N/A,Afroamericano,Pensionado,False,N/A,True,Perro,1,N/A,Polvo,True,Carencia de trabajo
48,Carlos Tomás,Caballero Jiménez,52642005,CC,M,3230596680,cacaballe5@outlook.com,B-,66,1957-06-10,Peru,Diagonal 109 Sur # 52-74 Sur, Chocó,Lloró,270785,1.98,45,True,2,True,Tecnologo,Empleado de servicios de apoyo a la producción,Urbana,N/A,1,Casad@,1,False,0,N/A,Propia,Apartamento,Contruida,False,True,1,True,Comfenalco,Budista,N/A,Pensionado,True,Sensorial,False,N/A,0,False,Fragancias,True,Carencia Capital
49,Inés Diana,Beltrán Montenegro,1192149090,PaP,F,3157547398,ine-beltr53@yahoo.com,AB+,70,1953-07-02,Colombia,Carrera 143 Bis O # 89-49 Este, Cundinamarca,Pulí,251139,1.67,58,True,3,False,Tecnico,Empleado de servicios de correos,Urbana,B1,3,Union Libre,1,False,0,N/A,Arriendo,Apartamento,En Ruina,False,False,4,True,Famisanar,Satanista,Negro,Pensionado,False,N/A,False,N/A,0,N/A,Detergentes Ropa,True,Perdidad de cultivo
50,Alfonso José,González Murcia,513468187,CC,M,3123512595,alfonsogon@yahoo.com,A-,43,1980-03-23,Colombia,Av. calle 9ª # 47-46 Este, Tolima,Alpujarra,737750,1.87,56,True,1,False,Pregrado,Instructor de autoescuela,Particular,B1,mas,Solter@,6,True,2,moto,N/A,Residencia Estudiantil,Abandono,False,False,3,False,SISBEN,N/A,Indigena,Independiente,False,N/A,True,Varios,1,True,N/A,True,Familia muy grande
51,María Laura,Daza Barrera,780077874,PaP,F,3012531629,m_d5@gmail.com,AB-,19,2004-07-08,Peru,Calle 59 # 6K-2, Nariño,Leiva,529038,1.96,57,True,1,True,Tecnologo,Tronzador,Rural,N/A,1,Casad@,1,False,0,N/A,N/A,Orden Religiosa,Otro,False,True,4,False,SISBEN,Cristiana,Afroamericano,Independiente,True,Fisicas,False,N/A,0,N/A,Cosmeticos,True,Carencia Capital
52,Johanna Rocío,Cuesta Arias,652869888,CC,F,3172386813,j-cues4056@hotmail.com,AB-,22,2001-12-17,Colombia,Carrera 64 # 27-8 Sur, Norte de Santander,Cucutilla,549062,1.60,55,False,0,True,Bachiller,Técnico de telecomunicaciones,Urbana,A1,mas,Separad@,3,False,0,N/A,Familiar,Casa,Contruccion Activa,True,True,otro,True,Salud Total,Testigo de Jehova,N/A,Empleado,True,Psiquicas,False,N/A,0,N/A,Alimentos,False,N/A
53,Estella Francy,Ortiz Rodríguez,842518847,CC,F,3158286941,e.orti9178@gmail.com,AB+,32,1991-09-22,Venezuela,Calle 69 # 7-8 Sur, Valle del Cauca,Roldanillo,767347,1.77,80,False,0,True,Doctorado,Dentista,Rural,C1,2,Casad@,1,False,0,N/A,Arriendo,Casa,Contruccion Activa,False,True,2,True,Salud Total,Catolica,Raizal,Independiente,True,Sensorial,True,Varios,3,N/A,Animales,False,N/A
54,Andrés José,Ortega Arias,226227582,CC,M,3215762566,andre.ortega6@outlook.com,B+,37,1986-03-14,Mexico,Calle 26 # 91-1 Sur, Atlántico,Sabanalarga,089523,1.54,50,True,4,False,Pregrado,Operador de instalaciones de procesamiento de metales,Urbana,N/A,1,Viud@,4,True,2,varios,Propia,Apartamento,Otro,False,False,1,False,SISBEN,N/A,Negro,Empleado,False,N/A,False,N/A,0,True,Moho,False,N/A
55,Margarita Ana,Murillo Cardona,105609350,PaP,F,3057312262,mamuri@yahoo.com,B-,56,1967-09-20,Colombia,Cl. 85 # 7-3 Sur, Boyacá,Chinavita,152328,1.70,70,False,0,False,N/A,N/A,N/A,N/A,1,Casad@,4,False,0,N/A,Propia,Apartamento,Otro,False,False,otro,False,SISBEN,Cristiana,Afrocolombiano,Empleado,False,N/A,True,Lagarto,1,N/A,Alimentos,False,N/A
56,Luis Antonio,Jiménez Ríos,91382624,CC,M,3245124483,lj6839@yahoo.com,A+,65,1958-12-02,Colombia,Av. carrera 103 # 10-39, Boyacá,Quípama,150738,1.97,56,False,0,True,Tecnologo,Astrólogo,Urbana,B2,3,Casad@,1,False,0,N/A,Familiar,Apartamento,Contruccion Activa,True,False,3,False,SISBEN,Budista,Afrocolombiano,Pensionado,True,Sensorial,False,N/A,0,True,Alimentos,True,Familia muy grande
57,Michel Ana,Agudelo Castrillón,331857295,PaP,F,3105586172,m_agudelo05@yahoo.com,AB-,52,1971-08-02,Venezuela,Carrera 2 Sur # 4M-4 Este, Cauca,Sotará Paispamba,199281,1.98,54,True,3,True,Posgrado,Peón de jardinería y horticultura,Particular,C2,2,Divorciad@,6,False,0,N/A,Arriendo,Casa,Contruida,True,False,otro,False,SISBEN,Musulman,N/A,Desempleado,False,N/A,True,Anfibio,5,N/A,Polen,True,Carencia Capital
58,Ximena Catalina,González Velásquez,1197807049,CE,F,3107329005,xime_g8@yahoo.com,A+,65,1958-06-11,Colombia,Cl. 146 # 12-5 Sur, Tolima,Cunday,739687,1.53,72,False,0,True,Posgrado,Miembro del poder legislativo,Particular,C2,2,Viud@,2,False,0,N/A,N/A,Orden Religiosa,Otro,False,False,otro,False,SISBEN,Musulman,N/A,Pensionado,True,Sensorial,False,N/A,0,N/A,Medicamentos,False,N/A
59,Derly María,Maldonado Martínez,372975694,CE,F,3102530919,dermald8@gmail.com,AB-,39,1984-08-10,Colombia,Cl. 182 # 91-9 Este, Tolima,San Antonio,733322,1.70,79,False,0,False,N/A,N/A,N/A,B2,mas,Solter@,3,False,0,N/A,Arriendo,Casa,Contruccion Activa,False,False,otro,True,Salud Vida,Budista,Negro,Desempleado,True,Fisicas,False,N/A,0,N/A,Alimentos,True,Otro
60,David Andrés,Pérez Contreras,786102117,CC,M,3009779089,david-pere3210@hotmail.com,B+,81,1942-06-21,España,Carrera 97 # 68-30 Este, Caldas,Samaná,171539,1.60,70,False,0,False,Tecnologo,Maestro de enseñanza primaria,Particular,N/A,1,Solter@,2,False,0,N/A,Arriendo,Apartamento,Construccion Paralizada,True,False,otro,False,SISBEN,Cristiana,Afroamericano,Pensionado,False,N/A,True,Pajaros,2,False,Medicamentos,False,N/A
61,Valentina María,Salcedo Sarmiento,1172683282,CC,F,3003441732,v-salced02@hotmail.com,O-,42,1981-06-23,Colombia,Carrera 26 # 9-2, Casanare,Maní,851818,1.86,78,False,0,False,Maestria,Trabajador de explotaciones de acuicultura,Rural,B1,2,Divorciad@,5,False,0,N/A,Propia,Casa,Contruccion Activa,False,False,4,False,SISBEN,Budista,Negro,Empleado,True,Psiquicas,True,Perro,5,N/A,Fragancias,False,N/A
62,José Leonel,García Fernández,714489359,CC,M,3035422549,josg6870@outlook.com,A-,75,1948-04-05,Mexico,Calle 173U Bis L # 4-2 Este, Boyacá,Ramiriquí,152191,1.50,60,True,2,True,Bachiller,Operador de máquinas para fabricar productos de caucho,Particular,B1,4,Casad@,2,False,0,N/A,Familiar,Casa,Abandono,False,True,otro,False,SISBEN,Musulman,N/A,Pensionado,True,Fisicas,True,Pez,1,False,Alimentos,True,Otro
63,Juan Emilio,Rodríguez Bautista,552521500,CE,M,3194488023,jua.rodr64@outlook.com,AB+,49,1974-03-21,Colombia,Cr. 70 # 7-42 Sur, Bolívar,Turbaná,134124,1.77,67,True,2,True,Posgrado,Tramper,Particular,B2,4,Viud@,4,True,3,moto,N/A,internado,Construccion Paralizada,True,False,3,True,Comfenalco,Cristiana,Mulato,Empleado,True,Sensorial,True,Lagarto,1,True,Gluten,True,Familia muy grande
64,Jennifer Tatiana,Sánchez Osorio,467752031,CC,F,3186893184,jen.san5183@gmail.com,B+,55,1968-09-13,Colombia,Avenida carrera 168 # 1-26 Sur, Cundinamarca,Mosquera,258740,1.78,79,True,2,True,Bachiller,Químico,Rural,C2,2,Casad@,1,False,0,N/A,Propia,Apartamento,Contruccion Activa,True,True,otro,True,Salud Vida,Maradoniano,Negro,Desempleado,False,N/A,True,Pajaros,5,N/A,Fragancias,True,Familia muy grande
65,Mariana María,Bonilla Alvarado,165974407,CC,F,3126119433,ma-boni4@outlook.com,AB+,65,1958-08-08,Colombia,Cr. 79 # 7Y-5 Sur, Santander,Valle de San José,684842,1.74,79,False,0,False,N/A,N/A,N/A,B2,4,Union Libre,4,True,3,moto,N/A,Campamento,Construccion Paralizada,True,False,4,True,Famisanar,N/A,N/A,Pensionado,True,Psiquicas,True,Lagarto,4,N/A,Moho,True,Carencia Capital
66,María María,Castaño Moreno,825016879,CE,F,3249605693,macasta450@yahoo.com,B+,49,1974-01-12,Colombia,Av. Caimito # 95-28 Este, Sucre,Caimito,705808,1.94,74,False,0,True,Tecnico,Peón de carga,Urbana,B2,3,Viud@,1,False,0,N/A,Arriendo,Casa,En Ruina,False,False,1,False,SISBEN,Testigo de Jehova,Negro,Independiente,False,N/A,False,N/A,0,N/A,Moho,True,Perdidad de cultivo
67,Óscar Ever,Burbano Velásquez,494442245,CE,M,3025745401,o-burbano270@hotmail.com,B-,28,1995-12-24,España,Calle 4ª # 47-31 Sur, Norte de Santander,Santiago,545553,1.63,52,True,1,False,N/A,N/A,N/A,A1,3,Solter@,1,False,0,N/A,Arriendo,Casa,Contruccion Activa,False,True,otro,False,SISBEN,Testigo de Jehova,N/A,Independiente,False,N/A,False,N/A,0,False,Alimentos,True,Perdidad de cultivo
68,Pedro Juan,Gómez Bernal,272509632,PaP,M,3004912467,p-gomez@gmail.com,O+,58,1965-09-28,España,Cr. 97X # 1-56 Este, Cundinamarca,Pacho,250108,1.66,84,False,0,True,N/A,N/A,N/A,N/A,1,Casad@,2,False,0,N/A,Arriendo,Apartamento,Construccion Paralizada,True,False,2,False,SISBEN,Budista,Afrocolombiano,Empleado,False,N/A,True,Gato,5,False,Alimentos,True,Carencia de trabajo
69,Paula Miriam,Torres Rincón,385505042,CC,F,3242504753,pautor897@outlook.com,B+,33,1990-06-21,Argentina,Calle 6ª # 72-2, Casanare,Tauramena,855686,1.62,56,False,0,False,Bachiller,Fabricante de instrumentos musicales,Rural,B1,4,Divorciad@,1,False,0,N/A,Propia,Apartamento,Abandono,True,False,2,False,SISBEN,Budista,Negro,Empleado,True,Fisicas,False,N/A,0,N/A,Polvo,True,Otro
70,Dario Juan,Zapata Chaparro,327497069,CE,M,3215957617,dar-zapata168@outlook.com,A-,72,1951-08-16,Venezuela,Calle 92C # 2-56, Antioquia,Nariño,053397,1.71,76,False,0,False,Tecnologo,Parquetero y colocador de suelos,Rural,N/A,1,Casad@,2,False,0,N/A,Propia,Apartamento,En Ruina,True,False,4,False,SISBEN,Catolica,Mulato,Pensionado,True,Psiquicas,False,N/A,0,False,Cosmeticos,False,N/A
71,Gregorio Rafael,Gómez Ramírez,574158513,CC,M,3004552753,gregog3@outlook.com,B-,74,1949-10-02,Venezuela,Avenida calle 66 # 90-5 Sur, Nariño,Francisco Pizarro,528657,1.89,52,True,2,True,Tecnico,Soldador y oxicortador,Particular,A1,4,Union Libre,1,False,0,N/A,Propia,Casa,Contruida,True,True,2,False,SISBEN,Cristiana,N/A,Pensionado,True,Fisicas,False,N/A,0,False,Detergentes Ropa,True,Familia muy grande
72,Fernanda Marina,Gaitán Beltrán,524082530,CC,F,3509823216,fe-ga4910@outlook.com,AB+,62,1961-10-09,Colombia,Cr. 57A Sur # 87-5 Este, Chocó,Medio Atrato,279729,1.57,86,True,2,True,N/A,N/A,N/A,N/A,1,Divorciad@,2,False,0,N/A,N/A,Residencia Estudiantil,Contruccion Activa,False,False,1,True,Comfenalco,Budista,Afroamericano,Pensionado,True,Psiquicas,False,N/A,0,N/A,Fragancias,True,Otro
73,Cecilia Olga,Gómez Ruiz,94102900,CC,F,3515203079,cecil-gome@yahoo.com,A+,58,1965-01-12,Venezuela,Calle 189O # 24-2, Nariño,Aldana,524128,1.73,64,True,1,True,N/A,N/A,N/A,B1,mas,Solter@,1,False,0,N/A,Arriendo,Apartamento,Otro,True,False,3,True,Salud Vida,Maradoniano,Afroamericano,Empleado,True,Sensorial,False,N/A,0,N/A,Detergentes Ropa,False,N/A
74,Daniel Mauricio,Salazar Pinto,800959785,PaP,M,3040587645,dan-salazar7253@gmail.com,O-,50,1973-05-08,Peru,Cl. 33 Bis S # 15G-82, Tolima,Herveo,734713,1.60,58,False,0,True,Bachiller,Ensamblador de maquinaria mecánica,Rural,C1,mas,Union Libre,2,False,0,N/A,Arriendo,Casa,En Ruina,True,True,4,False,SISBEN,Catolica,N/A,Independiente,False,N/A,False,N/A,0,False,Polen,False,N/A
75,Diego Fernando,González Alzate,491433579,PaP,M,3246529890,digonzalez91@hotmail.com,O+,76,1947-10-12,Colombia,Cr. 40 # 87-2 Sur, Putumayo,Puerto Caicedo,867149,1.86,83,True,3,False,N/A,N/A,N/A,C1,3,Union Libre,5,False,0,N/A,Familiar,Casa,Otro,False,False,3,False,SISBEN,N/A,Mulato,Pensionado,False,N/A,False,N/A,0,False,Detergentes Ropa,True,Carencia Capital
76,Luis Óscar,Quintero Fonseca,958309728,CC,M,3050222018,luiquin893@yahoo.com,AB-,46,1977-11-30,Colombia,Cl. 7G # 46-3 Este, Sucre,San José de Toluviejo,704186,1.82,79,False,0,False,Bachiller,Electricista de obras,Urbana,A1,4,Separad@,3,True,3,varios,N/A,internado,Contruccion Activa,False,True,4,True,Famisanar,Satanista,N/A,Independiente,True,Fisicas,True,Perro,2,False,Alimentos,True,Otro
77,Jacqueline María,Serrano Mendoza,917042779,CC,F,3122424791,jacquelis@hotmail.com,O+,78,1945-08-03,Colombia,Carrera 68 # 69-35 Sur, Amazonas,Tarapacá,917039,1.97,83,False,0,True,Tecnico,Técnico en química industrial,Urbana,A1,2,Separad@,2,False,0,N/A,N/A,Inquilinato,Abandono,True,False,2,True,EPS Sura,Musulman,Mulato,Pensionado,False,N/A,False,N/A,0,N/A,Alimentos,True,Carencia de trabajo
78,Lucía Diana,García Camacho,109748570,PaP,F,3160655163,lu-garci1@hotmail.com,B+,79,1944-06-08,Venezuela,Avenida Pinchote # 3-8 Sur, Boyacá,Moniquirá,158884,1.53,77,False,0,False,Bachiller,Técnico en redes y sistemas de computadores,Urbana,C1,4,Separad@,2,False,0,N/A,Propia,Apartamento,Construccion Paralizada,False,True,otro,True,Comfenalco,Budista,N/A,Pensionado,True,Fisicas,True,Pajaros,5,N/A,Moho,False,N/A
79,Andrés Julio,Flórez Osorio,733941674,CC,M,3500154670,andrflorez3@outlook.com,B-,28,1995-08-30,Colombia,Cr. 64 # 7L-8 Sur, Huila,Oporapa,415205,1.64,45,False,0,False,Posgrado,Operador de instalaciones de tratamiento de agua,Particular,A2,3,Union Libre,6,False,0,N/A,Arriendo,Apartamento,Abandono,False,True,otro,True,Comfenalco,Budista,Mulato,Empleado,False,N/A,False,N/A,0,True,Polvo,False,N/A
80,Dario José,Martínez Jiménez,696615194,CC,M,3248812030,da-martinez069@outlook.com,B+,36,1987-11-10,Colombia,Carrera 45 # 90-13 Este, Huila,Hobo,418335,1.61,74,False,0,False,Pregrado,Acarreador de agua,Rural,A2,2,Solter@,1,False,0,N/A,Propia,Casa,Contruida,True,True,4,True,Comfenalco,Maradoniano,Afroamericano,Desempleado,False,N/A,False,N/A,0,False,Cosmeticos,False,N/A
81,Alexandra María,Miranda Medina,449527400,CC,F,3247891954,alexmir@hotmail.com,AB+,37,1986-01-06,Venezuela,Transversal 82 # 56-12 Este, Norte de Santander,San Calixto,542805,1.56,81,True,1,False,N/A,N/A,N/A,N/A,1,Union Libre,1,False,0,N/A,Familiar,Casa,Construccion Paralizada,True,False,1,False,SISBEN,Cristiana,N/A,Desempleado,True,Fisicas,False,N/A,0,N/A,N/A,False,N/A
82,Ana Yina,Londoño Ramírez,249391951,CC,F,3000773032,an-londo816@gmail.com,A+,40,1983-01-17,Colombia,Calle 6 Sur # 3-18 Este, Boyacá,Cuítiva,151786,1.83,77,False,0,True,Bachiller,Miembro del poder legislativo,Rural,A1,4,Viud@,2,False,0,N/A,Arriendo,Casa,En Ruina,False,False,4,False,SISBEN,Cristiana,N/A,Independiente,False,N/A,False,N/A,0,N/A,Gluten,False,N/A
83,María Mónica,Velasco Zapata,1173916863,CC,F,3057154397,ma_ve@outlook.com,A-,62,1961-05-04,Colombia,Calle 73H # 44-18 Este, Magdalena,El Retén,475815,1.78,53,True,3,False,Tecnologo,Peón de pesca y acuicultura,Particular,A2,2,Solter@,3,True,3,otro,Propia,Apartamento,Contruida,True,True,1,True,Compensar,Cristiana,Negro,Pensionado,True,Fisicas,False,N/A,0,N/A,Alimentos,True,Otro
84,Lucy Patricia,Garzón Pedraza,401395145,CC,F,3020868463,lu.garzon4@yahoo.com,B+,45,1978-06-11,Colombia,Avenida calle 3ª # 6-2 Este, Meta,Barranca de Upía,508276,1.82,88,True,1,True,Bachiller,Músico,Urbana,N/A,1,Solter@,2,False,0,N/A,Propia,Apartamento,En Ruina,True,False,3,True,Salud Total,Testigo de Jehova,Raizal,Empleado,True,Fisicas,False,N/A,0,N/A,Animales,True,Otro
85,Maritza Judith,Quintero Torres,764327295,CC,F,3164068552,maritza_qui58@outlook.com,B-,38,1985-11-05,Colombia,Avenida calle 73 # 90W-70 Sur, Antioquia,Apartadó,050353,1.52,76,True,2,True,Posgrado,Labrante,Particular,B1,3,Viud@,2,False,0,N/A,N/A,Campamento,Contruida,True,True,4,True,EPS Sura,Musulman,Afroamericano,Desempleado,True,Sensorial,True,Lagarto,2,N/A,Animales,True,Carencia Capital
86,Jesús Manuel,Londoño Gómez,427745671,CC,M,3050458008,jesu_lon9248@hotmail.com,O-,57,1966-10-03,Venezuela,Av. carrera 60 # 8M-8 Este, Caldas,Supía,170418,1.58,69,True,1,False,Maestria,Conductor de motocicletas,Particular,A1,4,Separad@,5,True,1,otro,Propia,Casa,En Ruina,False,False,1,False,SISBEN,Testigo de Jehova,Negro,Empleado,True,Sensorial,False,N/A,0,True,N/A,False,N/A
87,Stella Camila,Cardozo García,292742698,PaP,F,3201666779,stella.c@outlook.com,O+,32,1991-04-24,Colombia,Carrera 77 # 9-74 Sur, Antioquia,Caramanta,053387,1.74,46,False,0,False,Tecnico,Recolector de basura y material reciclable,Rural,A2,4,Casad@,3,False,0,N/A,Familiar,Apartamento,Abandono,True,False,2,False,SISBEN,Budista,N/A,Empleado,False,N/A,True,Roedor,1,N/A,Fragancias,True,Perdidad de cultivo
88,Alberto José,González Daza,958444806,CC,M,3047163318,alberto_gonzalez154@yahoo.com,A+,65,1958-11-29,Mexico,Calle 72 # 1-4,Pereira,Pereira,668135,1.56,51,False,0,False,Bachiller,Asistente veterinario,Particular,C1,2,Casad@,3,False,0,N/A,Arriendo,Apartamento,En Ruina,True,True,4,False,SISBEN,Maradoniano,N/A,Pensionado,False,N/A,True,Pajaros,4,True,Cosmeticos,True,Carencia de trabajo
89,Zoraida Andrea,Becerra Romero,1140659603,PaP,F,3006101406,zor.becerr7432@outlook.com,B-,79,1944-06-24,Colombia,Carrera 99 # 41R-9, Sucre,Caimito,702450,1.96,85,True,3,True,Pregrado,Fumigador,Rural,A2,4,Union Libre,2,False,0,N/A,N/A,internado,Contruida,True,True,1,True,Salud Vida,Musulman,Afrocolombiano,Pensionado,False,N/A,True,Gato,1,N/A,Polvo,False,N/A
90,Gustavo José,Ávila Mora,853162760,CC,M,3224234450,gustavoavil@hotmail.com,B+,22,2001-11-24,Ecuador,Carrera 6D # 8S-68, Sucre,San Benito Abad,707562,1.60,49,True,1,True,Posgrado,Empleado de centro de llamadas,Rural,A2,3,Viud@,2,False,0,N/A,N/A,Inquilinato,En Ruina,False,False,4,True,Salud Total,Cristiana,Gitano,Desempleado,False,N/A,True,Lagarto,3,False,Alimentos,False,N/A
91,Elver Omar,Santos González,475652911,CC,M,3192181731,elv.san4@yahoo.com,B-,50,1973-09-09,Ecuador,Cr. 57L # 6-89 Este, Boyacá,Almeida,152373,1.84,85,True,1,False,Tecnico,Entrevistador de encuestas,Particular,B2,mas,Divorciad@,3,False,0,N/A,Propia,Apartamento,Construccion Paralizada,True,False,3,True,Comfenalco,Musulman,N/A,Independiente,True,Psiquicas,True,Pez,5,True,Polen,False,N/A
92,Alfonso Javier,Chávez Reyes,788190935,CC,M,3104195163,alfons-ch1527@gmail.com,A-,65,1958-07-03,Peru,Transversal 145A # 16-29, Valle del Cauca,Vijes,767864,1.54,69,False,0,False,N/A,N/A,N/A,N/A,1,Separad@,4,True,1,otro,Familiar,Casa,Construccion Paralizada,False,True,otro,True,Compensar,Catolica,Mulato,Pensionado,False,N/A,True,Varios,4,True,Fragancias,False,N/A
93,Deyanira Lorena,Torres Morales,288464462,CE,F,3199557040,deyanir.to@outlook.com,A+,49,1974-03-12,España,Carrera 67 # 15-76, Antioquia,La Unión,051079,1.62,78,True,2,True,Bachiller,Asistente fisioterapeuta,Urbana,C1,3,Separad@,4,True,2,otro,Propia,Apartamento,Construccion Paralizada,True,False,otro,False,SISBEN,Cristiana,Afrocolombiano,Desempleado,False,N/A,True,Pajaros,3,N/A,Moho,False,N/A
94,Carlos Jairo,Pardo Cruz,1172689452,PaP,M,3052484934,cpa76@gmail.com,B+,48,1975-09-12,Colombia,Diagonal 138 # 9-3, Nariño,San Lorenzo,523098,1.59,64,False,0,False,N/A,N/A,N/A,C2,2,Casad@,6,True,2,varios,Arriendo,Apartamento,Contruida,True,True,4,True,Sanitas,Maradoniano,N/A,Empleado,True,Fisicas,False,N/A,0,False,Gluten,False,N/A
95,Paola Pilar,Torres Cano,910499321,PaP,F,3137688120,paoltor4@gmail.com,AB+,38,1985-03-27,Colombia,Cl. 88 # 34Z-67 Sur, Cundinamarca,Guatavita,251546,1.92,78,False,0,True,Tecnologo,Profesional de nivel medio de medicina tradicional y alternativa,Rural,C2,2,Union Libre,3,False,0,N/A,N/A,Inquilinato,Contruida,False,True,4,False,SISBEN,Maradoniano,N/A,Independiente,False,N/A,False,N/A,0,N/A,Fragancias,True,Familia muy grande
96,Ingrid María,Cortés Parada,966352311,CC,F,3239403351,in_co@gmail.com,A-,55,1968-12-26,España,Calle 4S # 2-9 Este, Antioquia,Jericó,053738,1.55,53,False,0,True,Tecnico,Planchador manuales,Urbana,N/A,1,Union Libre,4,True,2,moto,Arriendo,Casa,Abandono,True,False,4,True,EPS Sura,Satanista,Gitano,Independiente,False,N/A,True,Roedor,3,N/A,Detergentes Ropa,True,Perdidad de cultivo
97,Jaime Cristian,Riascos Quintero,315677009,CC,M,3194104156,jariasco12@hotmail.com,B-,26,1997-04-27,Ecuador,Cl. 52 # 8-31 Sur, Nariño,Magüí,529080,1.58,88,False,0,False,Tecnologo,Empleado de ventanillas de informaciones,Particular,A1,2,Separad@,1,False,0,N/A,N/A,internado,Contruida,False,True,2,False,SISBEN,Catolica,Afrocolombiano,Independiente,True,Psiquicas,False,N/A,0,True,Moho,True,Carencia Capital
98,Alix Elizabeth,Sarmiento Valencia,806558048,CC,F,3176995554,ali_sa257@yahoo.com,B-,62,1961-01-30,Venezuela,Cl. 31 # 7D-4 Este, Córdoba,Los Córdobas,237836,1.73,71,False,0,False,Tecnologo,Director de servicios de educación,Rural,A1,3,Separad@,3,True,1,carro,Familiar,Apartamento,Otro,False,False,2,True,EPS Sura,Musulman,Afroamericano,Pensionado,True,Fisicas,True,Lagarto,5,N/A,Animales,True,Familia muy grande
99,Hernán Alexis,Rodríguez Jiménez,161476894,CC,M,3518051996,hernarodrigu7346@hotmail.com,A+,52,1971-04-22,Colombia,Avenida Monterrey # 5-12, La Guajira,Villanueva,445672,1.98,81,False,0,True,N/A,N/A,N/A,B2,2,Divorciad@,2,False,0,N/A,Propia,Casa,Contruida,True,False,4,False,SISBEN,Satanista,N/A,Independiente,True,Sensorial,False,N/A,0,True,Moho,True,Perdidad de cultivo
